{"conv1": 0.004149191245342023, "conv2": 0.0032007626967540323, "conv3": 0.004388789430936876}